SKU,Ohms,Ohms Unit,Tolerance,Wattage,Price,Link,Mounting Style,Size,Category
A-2754,0.47,,1%,1/4W,0.015,https://www.taydaelectronics.com/resistors/1-4w-metal-film-resistors/resistor-0-47-ohm-1-4w-1-metal-film-pkg-of-10.html,th,Axiel,Fixed Resistors
A-2244,1.0,,1%,1/4W,0.015,https://www.taydaelectronics.com/resistors/1-4w-metal-film-resistors/10-x-resistor-1-ohm-1-4w-1-metal-film-pkg-of-10.html,th,Axiel,Fixed Resistors
A-2576,1.2,,1%,1/4W,0.015,https://www.taydaelectronics.com/resistors/1-4w-metal-film-resistors/r-1-2-ohm-1-4w-1-metal-film-resistor.html,th,Axiel,Fixed Resistors
A-2755,1.3,,1%,1/4W,0.015,https://www.taydaelectronics.com/resistors/1-4w-metal-film-resistors/r-1-3-ohm-1-4w-1-metal-film-resistor.html,th,Axiel,Fixed Resistors
A-2316,1.5,,1%,1/4W,0.015,https://www.taydaelectronics.com/resistors/1-4w-metal-film-resistors/1-5-ohm-1-4w-1-metal-film-resistor.html,th,Axiel,Fixed Resistors
A-2756,1.6,,1%,1/4W,0.015,https://www.taydaelectronics.com/resistors/1-4w-metal-film-resistors/r-1-6-ohm-1-4w-1-metal-film-resistor.html,th,Axiel,Fixed Resistors
A-2757,1.8,,1%,1/4W,0.015,https://www.taydaelectronics.com/resistors/1-4w-metal-film-resistors/r-1-8-ohm-1-4w-1-metal-film-resistor.html,th,Axiel,Fixed Resistors
A-2317,2.0,,1%,1/4W,0.015,https://www.taydaelectronics.com/resistors/1-4w-metal-film-resistors/2-ohm-1-4w-1-metal-film-resistor.html,th,Axiel,Fixed Resistors
A-2600,2.2,,1%,1/4W,0.015,https://www.taydaelectronics.com/resistors/1-4w-metal-film-resistors/2-2-ohm-1-4w-1-metal-film-resistor.html,th,Axiel,Fixed Resistors
A-2601,2.4,,1%,1/4W,0.015,https://www.taydaelectronics.com/resistors/1-4w-metal-film-resistors/2-4-ohm-1-4w-1-metal-film-resistor.html,th,Axiel,Fixed Resistors
A-2602,2.7,,1%,1/4W,0.015,https://www.taydaelectronics.com/resistors/1-4w-metal-film-resistors/2-7-ohm-1-4w-1-metal-film-resistor.html,th,Axiel,Fixed Resistors
A-2318,3.0,,1%,1/4W,0.015,https://www.taydaelectronics.com/resistors/1-4w-metal-film-resistors/3-ohm-1-4w-1-metal-film-resistor.html,th,Axiel,Fixed Resistors
A-2189,3.3,,1%,1/4W,0.015,https://www.taydaelectronics.com/resistors/1-4w-metal-film-resistors/10-x-resistor-3-3-ohm-1-4w-1-metal-film-pkg-of-10.html,th,Axiel,Fixed Resistors
A-2758,3.6,,1%,1/4W,0.015,https://www.taydaelectronics.com/resistors/1-4w-metal-film-resistors/r-3-6-ohm-1-4w-1-metal-film-resistor.html,th,Axiel,Fixed Resistors
A-2311,3.9,,1%,1/4W,0.015,https://www.taydaelectronics.com/resistors/1-4w-metal-film-resistors/resistor-3-9-ohm-1-4w-1-metal-film-pkg-of-10.html,th,Axiel,Fixed Resistors
A-2319,4.3,,1%,1/4W,0.015,https://www.taydaelectronics.com/resistors/1-4w-metal-film-resistors/4-3-ohm-1-4w-1-metal-film-resistor.html,th,Axiel,Fixed Resistors
A-2308,4.7,,1%,1/4W,0.015,https://www.taydaelectronics.com/resistors/1-4w-metal-film-resistors/10-x-resistor-4-7-ohm-1-4w-1-metal-film-pkg-of-10.html,th,Axiel,Fixed Resistors
A-2320,5.1,,1%,1/4W,0.015,https://www.taydaelectronics.com/resistors/1-4w-metal-film-resistors/5-1-ohm-1-4w-1-metal-film-resistor.html,th,Axiel,Fixed Resistors
A-2603,5.6,,1%,1/4W,0.015,https://www.taydaelectronics.com/resistors/1-4w-metal-film-resistors/5-6-ohm-1-4w-1-metal-film-resistor.html,th,Axiel,Fixed Resistors
A-2321,6.2,,1%,1/4W,0.015,https://www.taydaelectronics.com/resistors/1-4w-metal-film-resistors/6-2-ohm-1-4w-1-metal-film-resistor.html,th,Axiel,Fixed Resistors
A-2322,6.8,,1%,1/4W,0.015,https://www.taydaelectronics.com/resistors/1-4w-metal-film-resistors/6-8-ohm-1-4w-1-metal-film-resistor.html,th,Axiel,Fixed Resistors
A-2344,7.5,,1%,1/4W,0.015,https://www.taydaelectronics.com/resistors/1-4w-metal-film-resistors/7-5-ohm-1-4w-1-metal-film-resistor.html,th,Axiel,Fixed Resistors
A-2309,8.2,,1%,1/4W,0.015,https://www.taydaelectronics.com/resistors/1-4w-metal-film-resistors/10-x-resistor-8-2-ohm-1-4w-1-metal-film-pkg-of-10.html,th,Axiel,Fixed Resistors
A-7429,9.1,,1%,1/4W,0.015,https://www.taydaelectronics.com/resistors/1-4w-metal-film-resistors/resistor-9-1-ohm-1-4w-1-metal-film-pkg-of-10.html,th,Axiel,Fixed Resistors
A-2198,10.0,,1%,1/4W,0.015,https://www.taydaelectronics.com/resistors/1-4w-metal-film-resistors/resistor-10-ohm-1-4w-1-metal-film-pkg-of-10.html,th,Axiel,Fixed Resistors
A-2314,11.0,,1%,1/4W,0.015,https://www.taydaelectronics.com/resistors/1-4w-metal-film-resistors/10-x-resistor-11-ohm-1-4w-1-metal-film-pkg-of-10.html,th,Axiel,Fixed Resistors
A-2289,12.0,,1%,1/4W,0.015,https://www.taydaelectronics.com/resistors/1-4w-metal-film-resistors/10-x-resistor-12-ohm-1-4w-1-metal-film-pkg-of-10.html,th,Axiel,Fixed Resistors
A-2305,15.0,,1%,1/4W,0.015,https://www.taydaelectronics.com/resistors/1-4w-metal-film-resistors/10-x-resistor-15-ohm-1-4w-1-metal-film-pkg-of-10.html,th,Axiel,Fixed Resistors
A-2614,16.0,,1%,1/4W,0.015,https://www.taydaelectronics.com/resistors/1-4w-metal-film-resistors/16-ohm-1-4w-1-metal-film-resistor.html,th,Axiel,Fixed Resistors
A-2615,18.0,,1%,1/4W,0.015,https://www.taydaelectronics.com/resistors/1-4w-metal-film-resistors/18-ohm-1-4w-1-metal-film-resistor.html,th,Axiel,Fixed Resistors
A-2616,20.0,,1%,1/4W,0.015,https://www.taydaelectronics.com/resistors/1-4w-metal-film-resistors/resistor-20-ohm-1-4w-1-metal-film-pkg-of-10.html,th,Axiel,Fixed Resistors
A-2345,22.0,,1%,1/4W,0.015,https://www.taydaelectronics.com/resistors/1-4w-metal-film-resistors/10-x-resistor-22-ohm-1-4w-1-metal-film-pkg-of-10.html,th,Axiel,Fixed Resistors
A-2617,24.0,,1%,1/4W,0.015,https://www.taydaelectronics.com/resistors/1-4w-metal-film-resistors/24-ohm-1-4w-1-metal-film-resistor.html,th,Axiel,Fixed Resistors
A-2618,27.0,,1%,1/4W,0.015,https://www.taydaelectronics.com/resistors/1-4w-metal-film-resistors/27-ohm-1-4w-1-metal-film-resistor.html,th,Axiel,Fixed Resistors
A-2619,30.0,,1%,1/4W,0.015,https://www.taydaelectronics.com/resistors/1-4w-metal-film-resistors/30-ohm-1-4w-1-metal-film-resistor.html,th,Axiel,Fixed Resistors
A-2286,33.0,,1%,1/4W,0.015,https://www.taydaelectronics.com/resistors/1-4w-metal-film-resistors/10-x-resistor-33-ohm-1-4w-1-metal-film-pkg-of-10.html,th,Axiel,Fixed Resistors
A-2765,36.0,,1%,1/4W,0.015,https://www.taydaelectronics.com/resistors/1-4w-metal-film-resistors/r-36-ohm-1-4w-1-metal-film-resistor.html,th,Axiel,Fixed Resistors
A-2306,39.0,,1%,1/4W,0.015,https://www.taydaelectronics.com/resistors/1-4w-metal-film-resistors/10-x-resistor-39-ohm-1-4w-1-metal-film-pkg-of-10.html,th,Axiel,Fixed Resistors
A-2759,43.0,,1%,1/4W,0.015,https://www.taydaelectronics.com/resistors/1-4w-metal-film-resistors/r-43-ohm-1-4w-1-metal-film-resistor.html,th,Axiel,Fixed Resistors
A-2190,47.0,,1%,1/4W,0.015,https://www.taydaelectronics.com/resistors/1-4w-metal-film-resistors/10-x-resistor-47-ohm-1-4w-1-metal-film-pkg-of-10.html,th,Axiel,Fixed Resistors
A-2760,51.0,,1%,1/4W,0.015,https://www.taydaelectronics.com/resistors/1-4w-metal-film-resistors/resistor-51-ohm-1-4w-1-metal-film-pkg-of-10.html,th,Axiel,Fixed Resistors
A-2604,56.0,,1%,1/4W,0.015,https://www.taydaelectronics.com/resistors/1-4w-metal-film-resistors/10-x-resistor-56-ohm-1-4w-1-metal-film-pkg-of-10.html,th,Axiel,Fixed Resistors
A-2761,62.0,,1%,1/4W,0.015,https://www.taydaelectronics.com/resistors/1-4w-metal-film-resistors/r-62-ohm-1-4w-1-metal-film-resistor.html,th,Axiel,Fixed Resistors
A-2346,68.0,,1%,1/4W,0.015,https://www.taydaelectronics.com/resistors/1-4w-metal-film-resistors/resistor-68-ohm-1-4w-1-metal-film-pkg-of-10.html,th,Axiel,Fixed Resistors
A-2193,75.0,,1%,1/4W,0.015,https://www.taydaelectronics.com/resistors/1-4w-metal-film-resistors/resistor-75-ohm-1-4w-1-metal-film-pkg-of-10.html,th,Axiel,Fixed Resistors
A-2280,82.0,,1%,1/4W,0.015,https://www.taydaelectronics.com/resistors/1-4w-metal-film-resistors/resistor-82-ohm-1-4w-1-metal-film-pkg-of-10.html,th,Axiel,Fixed Resistors
A-2762,91.0,,1%,1/4W,0.015,https://www.taydaelectronics.com/resistors/1-4w-metal-film-resistors/r-91-ohm-1-4w-1-metal-film-resistor.html,th,Axiel,Fixed Resistors
A-2245,100.0,,1%,1/4W,0.015,https://www.taydaelectronics.com/resistors/1-4w-metal-film-resistors/resistor-100-ohm-1-4w-1-metal-film-pkg-of-10.html,th,Axiel,Fixed Resistors
A-2302,102.0,,1%,1/4W,0.015,https://www.taydaelectronics.com/resistors/1-4w-metal-film-resistors/resistor-102-ohm-1-4w-1-metal-film-pkg-of-10.html,th,Axiel,Fixed Resistors
A-2605,110.0,,1%,1/4W,0.015,https://www.taydaelectronics.com/resistors/1-4w-metal-film-resistors/110-ohm-1-4w-1-metal-film-resistor.html,th,Axiel,Fixed Resistors
A-2324,120.0,,1%,1/4W,0.015,https://www.taydaelectronics.com/resistors/1-4w-metal-film-resistors/10-x-resistor-120-ohm-1-4w-1-metal-film-pkg-of-10.html,th,Axiel,Fixed Resistors
A-2347,130.0,,1%,1/4W,0.015,https://www.taydaelectronics.com/resistors/1-4w-metal-film-resistors/resistor-130-ohm-1-4w-1-metal-film-pkg-of-10.html,th,Axiel,Fixed Resistors
A-2199,150.0,,1%,1/4W,0.015,https://www.taydaelectronics.com/resistors/1-4w-metal-film-resistors/10-x-resistor-150-ohm-1-4w-1-metal-film-pkg-of-10.html,th,Axiel,Fixed Resistors
A-2763,160.0,,1%,1/4W,0.015,https://www.taydaelectronics.com/resistors/1-4w-metal-film-resistors/r-160-ohm-1-4w-1-metal-film-resistor.html,th,Axiel,Fixed Resistors
A-2278,180.0,,1%,1/4W,0.015,https://www.taydaelectronics.com/resistors/1-4w-metal-film-resistors/10-x-resistor-180-ohm-1-4w-1-metal-film-pkg-of-10.html,th,Axiel,Fixed Resistors
A-2620,200.0,,1%,1/4W,0.015,https://www.taydaelectronics.com/resistors/1-4w-metal-film-resistors/resistor-200-ohm-1-4w-1-metal-film-pkg-of-10.html,th,Axiel,Fixed Resistors
A-2246,220.0,,1%,1/4W,0.015,https://www.taydaelectronics.com/resistors/1-4w-metal-film-resistors/resistor-220-ohm-1-4w-1-metal-film-pkg-of-10.html,th,Axiel,Fixed Resistors
A-2764,240.0,,1%,1/4W,0.015,https://www.taydaelectronics.com/resistors/1-4w-metal-film-resistors/resistor-240-ohm-1-4w-1-metal-film-pkg-of-10.html,th,Axiel,Fixed Resistors
A-2283,270.0,,1%,1/4W,0.015,https://www.taydaelectronics.com/resistors/1-4w-metal-film-resistors/10-x-resistor-270-ohm-1-4w-1-metal-film-pkg-of-10.html,th,Axiel,Fixed Resistors
A-2766,300.0,,1%,1/4W,0.015,https://www.taydaelectronics.com/resistors/1-4w-metal-film-resistors/10-x-resistor-300-ohm-1-4w-1-metal-film-pkg-of-10.html,th,Axiel,Fixed Resistors
A-2325,330.0,,1%,1/4W,0.015,https://www.taydaelectronics.com/resistors/1-4w-metal-film-resistors/330-ohm-1-4w-1-metal-film-resistor.html,th,Axiel,Fixed Resistors
A-2348,360.0,,1%,1/4W,0.015,https://www.taydaelectronics.com/resistors/1-4w-metal-film-resistors/360-ohm-1-4w-1-metal-film-resistor.html,th,Axiel,Fixed Resistors
A-2315,390.0,,1%,1/4W,0.015,https://www.taydaelectronics.com/resistors/1-4w-metal-film-resistors/10-x-resistor-390-ohm-1-4w-1-metal-film-pkg-of-10.html,th,Axiel,Fixed Resistors
A-2767,430.0,,1%,1/4W,0.015,https://www.taydaelectronics.com/resistors/1-4w-metal-film-resistors/resistor-430-ohm-1-4w-1-metal-film-pkg-of-10.html,th,Axiel,Fixed Resistors
A-2247,470.0,,1%,1/4W,0.015,https://www.taydaelectronics.com/resistors/1-4w-metal-film-resistors/10-x-resistor-470-ohm-1-4w-1-metal-film-pkg-of-10.html,th,Axiel,Fixed Resistors
A-2621,510.0,,1%,1/4W,0.015,https://www.taydaelectronics.com/resistors/1-4w-metal-film-resistors/10-x-resistor-510-ohm-1-4w-1-metal-film-pkg-of-10.html,th,Axiel,Fixed Resistors
A-2282,560.0,,1%,1/4W,0.015,https://www.taydaelectronics.com/resistors/1-4w-metal-film-resistors/resistor-560-ohm-1-4w-1-metal-film-pkg-of-10.html,th,Axiel,Fixed Resistors
A-2326,620.0,,1%,1/4W,0.015,https://www.taydaelectronics.com/resistors/1-4w-metal-film-resistors/resistor-620-ohm-1-4w-1-metal-film-pkg-of-10.html,th,Axiel,Fixed Resistors
A-2281,680.0,,1%,1/4W,0.015,https://www.taydaelectronics.com/resistors/1-4w-metal-film-resistors/resistor-680-ohm-1-4w-1-metal-film-pkg-of-10.html,th,Axiel,Fixed Resistors
A-2622,750.0,,1%,1/4W,0.015,https://www.taydaelectronics.com/resistors/1-4w-metal-film-resistors/resistor-750-ohm-1-4w-1-metal-film-pkg-of-10.html,th,Axiel,Fixed Resistors
A-2323,820.0,,1%,1/4W,0.015,https://www.taydaelectronics.com/resistors/1-4w-metal-film-resistors/resistor-820-ohm-1-4w-1-metal-film-pkg-of-10.html,th,Axiel,Fixed Resistors
A-2623,910.0,,1%,1/4W,0.015,https://www.taydaelectronics.com/resistors/1-4w-metal-film-resistors/910-ohm-1-4w-1-metal-film-resistor.html,th,Axiel,Fixed Resistors
A-2200,1.0,K,1%,1/4W,0.015,https://www.taydaelectronics.com/resistors/1-4w-metal-film-resistors/10-x-resistor-1k-ohm-1-4w-1-metal-film-pkg-of-10.html,th,Axiel,Fixed Resistors
A-2201,1.2,K,1%,1/4W,0.015,https://www.taydaelectronics.com/resistors/1-4w-metal-film-resistors/resistor-1-2k-ohm-1-4w-1-metal-film-pkg-of-10.html,th,Axiel,Fixed Resistors
A-2624,1.3,K,1%,1/4W,0.015,https://www.taydaelectronics.com/resistors/1-4w-metal-film-resistors/1-3k-ohm-1-4w-1-metal-film-resistor.html,th,Axiel,Fixed Resistors
A-2202,1.5,K,1%,1/4W,0.015,https://www.taydaelectronics.com/resistors/1-4w-metal-film-resistors/10-x-resistor-1-5k-ohm-1-4w-1-metal-film-pkg-of-10.html,th,Axiel,Fixed Resistors
A-2625,1.6,K,1%,1/4W,0.015,https://www.taydaelectronics.com/resistors/1-4w-metal-film-resistors/1-6k-ohm-1-4w-1-metal-film-resistor.html,th,Axiel,Fixed Resistors
A-2340,1.8,K,1%,1/4W,0.015,https://www.taydaelectronics.com/resistors/1-4w-metal-film-resistors/resistor-1-8k-ohm-1-4w-1-metal-film-pkg-of-10.html,th,Axiel,Fixed Resistors
A-2307,2.0,K,1%,1/4W,0.015,https://www.taydaelectronics.com/resistors/1-4w-metal-film-resistors/resistor-2k-ohm-1-4w-1-metal-film-pkg-of-10.html,th,Axiel,Fixed Resistors
A-2341,2.2,K,1%,1/4W,0.015,https://www.taydaelectronics.com/resistors/1-4w-metal-film-resistors/resistor-2-2k-ohm-1-4w-1-metal-film-pkg-of-10.html,th,Axiel,Fixed Resistors
A-2606,2.4,K,1%,1/4W,0.015,https://www.taydaelectronics.com/resistors/1-4w-metal-film-resistors/resistor-2-4k-ohm-1-4w-1-metal-film-pkg-of-10.html,th,Axiel,Fixed Resistors
A-2626,2.7,K,1%,1/4W,0.015,https://www.taydaelectronics.com/resistors/1-4w-metal-film-resistors/resistor-2-7k-ohm-1-4w-1-metal-film-pkg-of-10.html,th,Axiel,Fixed Resistors
A-2349,3.0,K,1%,1/4W,0.015,https://www.taydaelectronics.com/resistors/1-4w-metal-film-resistors/resistor-3k-ohm-1-4w-1-metal-film-pkg-of-10.html,th,Axiel,Fixed Resistors
A-2607,3.3,K,1%,1/4W,0.015,https://www.taydaelectronics.com/resistors/1-4w-metal-film-resistors/resistor-3-3k-ohm-1-4w-1-metal-film-pkg-of-10.html,th,Axiel,Fixed Resistors
A-2350,3.6,K,1%,1/4W,0.015,https://www.taydaelectronics.com/resistors/1-4w-metal-film-resistors/3-6k-ohm-1-4w-1-metal-film-resistor.html,th,Axiel,Fixed Resistors
A-2312,3.9,K,1%,1/4W,0.015,https://www.taydaelectronics.com/resistors/1-4w-metal-film-resistors/3-9k-ohm-1-4w-1-metal-film-resistor.html,th,Axiel,Fixed Resistors
A-2627,4.3,K,1%,1/4W,0.015,https://www.taydaelectronics.com/resistors/1-4w-metal-film-resistors/10-x-resistor-4-3k-ohm-1-4w-1-metal-film-pkg-of-10.html,th,Axiel,Fixed Resistors
A-2310,4.7,K,1%,1/4W,0.015,https://www.taydaelectronics.com/resistors/1-4w-metal-film-resistors/10-x-resistor-4-7k-ohm-1-4w-1-metal-film-pkg-of-10.html,th,Axiel,Fixed Resistors
A-2188,5.1,K,1%,1/4W,0.015,https://www.taydaelectronics.com/resistors/1-4w-metal-film-resistors/resistor-5-1k-ohm-1-4w-1-metal-film-pkg-of-10.html,th,Axiel,Fixed Resistors
A-2351,5.6,K,1%,1/4W,0.015,https://www.taydaelectronics.com/resistors/1-4w-metal-film-resistors/10-x-resistor-5-6k-ohm-1-4w-1-metal-film-pkg-of-10.html,th,Axiel,Fixed Resistors
A-2768,6.2,K,1%,1/4W,0.015,https://www.taydaelectronics.com/resistors/1-4w-metal-film-resistors/resistor-6-2k-ohm-1-4w-1-metal-film-pkg-of-10.html,th,Axiel,Fixed Resistors
A-2328,6.8,K,1%,1/4W,0.015,https://www.taydaelectronics.com/resistors/1-4w-metal-film-resistors/6-8k-ohm-1-4w-1-metal-film-resistor.html,th,Axiel,Fixed Resistors
A-2769,7.5,K,1%,1/4W,0.015,https://www.taydaelectronics.com/resistors/1-4w-metal-film-resistors/resistor-7-5k-ohm-1-4w-1-metal-film-pkg-of-10.html,th,Axiel,Fixed Resistors
A-2337,8.2,K,1%,1/4W,0.015,https://www.taydaelectronics.com/resistors/1-4w-metal-film-resistors/resistor-8-2k-ohm-1-4w-1-metal-film-pkg-of-10.html,th,Axiel,Fixed Resistors
A-2770,9.1,K,1%,1/4W,0.015,https://www.taydaelectronics.com/resistors/1-4w-metal-film-resistors/r-9-1k-ohm-1-4w-1-metal-film-resistor.html,th,Axiel,Fixed Resistors
A-2203,10.0,K,1%,1/4W,0.015,https://www.taydaelectronics.com/resistors/1-4w-metal-film-resistors/10-x-resistor-10k-ohm-1-4w-1-metal-film-pkg-of-10.html,th,Axiel,Fixed Resistors
A-2298,10.1,K,1%,1/4W,0.015,https://www.taydaelectronics.com/resistors/1-4w-metal-film-resistors/resistor-10-1k-ohm-1-4w-1-metal-film-pkg-of-10.html,th,Axiel,Fixed Resistors
A-2204,11.0,K,1%,1/4W,0.015,https://www.taydaelectronics.com/resistors/1-4w-metal-film-resistors/10-x-resistor-11k-ohm-1-4w-1-metal-film-pkg-of-10.html,th,Axiel,Fixed Resistors
A-2297,11.8,K,1%,1/4W,0.015,https://www.taydaelectronics.com/resistors/1-4w-metal-film-resistors/resistor-11-8k-ohm-1-4w-1-metal-film-pkg-of-10.html,th,Axiel,Fixed Resistors
A-2327,12.0,K,1%,1/4W,0.015,https://www.taydaelectronics.com/resistors/1-4w-metal-film-resistors/10-x-resistor-12k-ohm-1-4w-1-metal-film-pkg-of-10.html,th,Axiel,Fixed Resistors
A-2301,12.4,K,1%,1/4W,0.015,https://www.taydaelectronics.com/resistors/1-4w-metal-film-resistors/10-x-resistor-12-4k-ohm-1-4w-1-metal-film-pkg-of-10.html,th,Axiel,Fixed Resistors
A-2205,13.0,K,1%,1/4W,0.015,https://www.taydaelectronics.com/resistors/1-4w-metal-film-resistors/10-x-resistor-13k-ohm-1-4w-1-metal-film-pkg-of-10.html,th,Axiel,Fixed Resistors
A-2296,13.3,K,1%,1/4W,0.015,https://www.taydaelectronics.com/resistors/1-4w-metal-film-resistors/10-x-resistor-13-3k-ohm-1-4w-1-metal-film-pkg-of-10.html,th,Axiel,Fixed Resistors
A-2182,15.0,K,1%,1/4W,0.015,https://www.taydaelectronics.com/resistors/1-4w-metal-film-resistors/10-x-resistor-15k-ohm-1-4w-1-metal-film-pkg-of-10.html,th,Axiel,Fixed Resistors
A-2206,16.0,K,1%,1/4W,0.015,https://www.taydaelectronics.com/resistors/1-4w-metal-film-resistors/resistor-16k-ohm-1-4w-1-metal-film-pkg-of-10.html,th,Axiel,Fixed Resistors
A-2228,17.8,K,1%,1/4W,0.015,https://www.taydaelectronics.com/resistors/1-4w-metal-film-resistors/resistor-17-8k-ohm-1-4w-1-metal-film-pkg-of-10.html,th,Axiel,Fixed Resistors
A-2207,18.0,K,1%,1/4W,0.015,https://www.taydaelectronics.com/resistors/1-4w-metal-film-resistors/resistor-18k-ohm-1-4w-1-metal-film-pkg-of-10.html,th,Axiel,Fixed Resistors
A-2339,20.0,K,1%,1/4W,0.015,https://www.taydaelectronics.com/resistors/1-4w-metal-film-resistors/resistor-20k-ohm-1-4w-1-metal-film-pkg-of-10.html,th,Axiel,Fixed Resistors
A-2284,22.0,K,1%,1/4W,0.015,https://www.taydaelectronics.com/resistors/1-4w-metal-film-resistors/10-x-resistor-22k-ohm-1-4w-1-metal-film-pkg-of-10.html,th,Axiel,Fixed Resistors
A-2771,24.0,K,1%,1/4W,0.015,https://www.taydaelectronics.com/resistors/1-4w-metal-film-resistors/10-x-resistor-24k-ohm-1-4w-1-metal-film-pkg-of-10.html,th,Axiel,Fixed Resistors
A-2772,27.0,K,1%,1/4W,0.015,https://www.taydaelectronics.com/resistors/1-4w-metal-film-resistors/resistor-27k-ohm-1-4w-1-metal-film-pkg-of-10.html,th,Axiel,Fixed Resistors
A-2608,30.0,K,1%,1/4W,0.015,https://www.taydaelectronics.com/resistors/1-4w-metal-film-resistors/resistor-30k-ohm-1-4w-1-metal-film-pkg-of-10.html,th,Axiel,Fixed Resistors
A-2290,33.0,K,1%,1/4W,0.015,https://www.taydaelectronics.com/resistors/1-4w-metal-film-resistors/resistor-33k-ohm-1-4w-1-metal-film-pkg-of-10.html,th,Axiel,Fixed Resistors
A-2773,36.0,K,1%,1/4W,0.015,https://www.taydaelectronics.com/resistors/1-4w-metal-film-resistors/resistor-36k-ohm-1-4w-1-metal-film-pkg-of-10.html,th,Axiel,Fixed Resistors
A-2313,39.0,K,1%,1/4W,0.015,https://www.taydaelectronics.com/resistors/1-4w-metal-film-resistors/resistor-39k-ohm-1-4w-1-metal-film-pkg-of-10.html,th,Axiel,Fixed Resistors
A-2774,43.0,K,1%,1/4W,0.015,https://www.taydaelectronics.com/resistors/1-4w-metal-film-resistors/resistor-43k-ohm-1-4w-1-metal-film-pkg-of-10.html,th,Axiel,Fixed Resistors
A-2279,47.0,K,1%,1/4W,0.015,https://www.taydaelectronics.com/resistors/1-4w-metal-film-resistors/10-x-resistor-47k-ohm-1-4w-1-metal-film-pkg-of-10.html,th,Axiel,Fixed Resistors
A-2775,51.0,K,1%,1/4W,0.015,https://www.taydaelectronics.com/resistors/1-4w-metal-film-resistors/resistor-51k-ohm-1-4w-1-metal-film-pkg-of-10.html,th,Axiel,Fixed Resistors
A-2191,56.0,K,1%,1/4W,0.015,https://www.taydaelectronics.com/resistors/1-4w-metal-film-resistors/10-x-resistor-56k-ohm-1-4w-1-metal-film-pkg-of-10.html,th,Axiel,Fixed Resistors
A-2628,62.0,K,1%,1/4W,0.015,https://www.taydaelectronics.com/resistors/1-4w-metal-film-resistors/resistor-62k-ohm-1-4w-1-metal-film-pkg-of-10.html,th,Axiel,Fixed Resistors
A-2334,68.0,K,1%,1/4W,0.015,https://www.taydaelectronics.com/resistors/1-4w-metal-film-resistors/resistor-68k-ohm-1-4w-1-metal-film-pkg-of-10.html,th,Axiel,Fixed Resistors
A-2629,75.0,K,1%,1/4W,0.015,https://www.taydaelectronics.com/resistors/1-4w-metal-film-resistors/10-x-resistor-75k-ohm-1-4w-1-metal-film-pkg-of-10.html,th,Axiel,Fixed Resistors
A-2338,82.0,K,1%,1/4W,0.015,https://www.taydaelectronics.com/resistors/1-4w-metal-film-resistors/resistor-82k-ohm-1-4w-1-metal-film-pkg-of-10.html,th,Axiel,Fixed Resistors
A-2776,91.0,K,1%,1/4W,0.015,https://www.taydaelectronics.com/resistors/1-4w-metal-film-resistors/resistor-91k-ohm-1-4w-1-metal-film-pkg-of-10.html,th,Axiel,Fixed Resistors
A-2248,100.0,K,1%,1/4W,0.015,https://www.taydaelectronics.com/resistors/1-4w-metal-film-resistors/10-x-resistor-100k-ohm-1-4w-1-metal-film-pkg-of-10.html,th,Axiel,Fixed Resistors
A-2300,102.0,K,1%,1/4W,0.015,https://www.taydaelectronics.com/resistors/1-4w-metal-film-resistors/10-x-resistor-102k-ohm-1-4w-1-metal-film-pkg-of-10.html,th,Axiel,Fixed Resistors
A-2208,110.0,K,1%,1/4W,0.015,https://www.taydaelectronics.com/resistors/1-4w-metal-film-resistors/10-x-resistor-110k-ohm-1-4w-1-metal-film-pkg-of-10.html,th,Axiel,Fixed Resistors
A-2293,113.0,K,1%,1/4W,0.015,https://www.taydaelectronics.com/resistors/1-4w-metal-film-resistors/10-x-resistor-113k-ohm-1-4w-1-metal-film-pkg-of-10.html,th,Axiel,Fixed Resistors
A-2288,118.0,K,1%,1/4W,0.015,https://www.taydaelectronics.com/resistors/1-4w-metal-film-resistors/10-x-resistor-118k-ohm-1-4w-1-metal-film-pkg-of-10.html,th,Axiel,Fixed Resistors
A-2209,120.0,K,1%,1/4W,0.015,https://www.taydaelectronics.com/resistors/1-4w-metal-film-resistors/resistor-120k-ohm-1-4w-1-metal-film-pkg-of-10.html,th,Axiel,Fixed Resistors
A-2352,130.0,K,1%,1/4W,0.015,https://www.taydaelectronics.com/resistors/1-4w-metal-film-resistors/130k-ohm-1-4w-1-metal-film-resistor.html,th,Axiel,Fixed Resistors
A-2210,150.0,K,1%,1/4W,0.015,https://www.taydaelectronics.com/resistors/1-4w-metal-film-resistors/10-x-resistor-150k-ohm-1-4w-1-metal-film-pkg-of-10.html,th,Axiel,Fixed Resistors
A-2777,160.0,K,1%,1/4W,0.015,https://www.taydaelectronics.com/resistors/1-4w-metal-film-resistors/resistor-160k-ohm-1-4w-1-metal-film-pkg-of-10.html,th,Axiel,Fixed Resistors
A-2353,180.0,K,1%,1/4W,0.015,https://www.taydaelectronics.com/resistors/1-4w-metal-film-resistors/10-x-resistor-180k-ohm-1-4w-1-metal-film-pkg-of-10.html,th,Axiel,Fixed Resistors
A-2630,200.0,K,1%,1/4W,0.015,https://www.taydaelectronics.com/resistors/1-4w-metal-film-resistors/resistor-200k-ohm-1-4w-1-metal-film-pkg-of-10.html,th,Axiel,Fixed Resistors
A-2329,220.0,K,1%,1/4W,0.015,https://www.taydaelectronics.com/resistors/1-4w-metal-film-resistors/resistor-220k-ohm-1-4w-1-metal-film-pkg-of-10.html,th,Axiel,Fixed Resistors
A-2631,240.0,K,1%,1/4W,0.015,https://www.taydaelectronics.com/resistors/1-4w-metal-film-resistors/10-x-resistor-240k-ohm-1-4w-1-metal-film-pkg-of-10.html,th,Axiel,Fixed Resistors
A-2179,270.0,K,1%,1/4W,0.015,https://www.taydaelectronics.com/resistors/1-4w-metal-film-resistors/resistor-270k-ohm-1-4w-1-metal-film-pkg-of-10.html,th,Axiel,Fixed Resistors
A-2632,300.0,K,1%,1/4W,0.015,https://www.taydaelectronics.com/resistors/1-4w-metal-film-resistors/resistor-300k-ohm-1-4w-1-metal-film-pkg-of-10.html,th,Axiel,Fixed Resistors
A-2330,330.0,K,1%,1/4W,0.015,https://www.taydaelectronics.com/resistors/1-4w-metal-film-resistors/resistor-330k-ohm-1-4w-1-metal-film-pkg-of-10.html,th,Axiel,Fixed Resistors
A-2778,360.0,K,1%,1/4W,0.015,https://www.taydaelectronics.com/resistors/1-4w-metal-film-resistors/resistor-360k-ohm-1-4w-1-metal-film-pkg-of-10.html,th,Axiel,Fixed Resistors
A-2354,390.0,K,1%,1/4W,0.015,https://www.taydaelectronics.com/resistors/1-4w-metal-film-resistors/resistor-390k-ohm-1-4w-1-metal-film-pkg-of-10.html,th,Axiel,Fixed Resistors
A-3877,392.0,K,1%,1/4W,0.015,https://www.taydaelectronics.com/resistors/1-4w-metal-film-resistors/r-392k-ohm-1-4w-1-metal-film-resistor.html,th,Axiel,Fixed Resistors
A-3878,422.0,K,1%,1/4W,0.015,https://www.taydaelectronics.com/resistors/1-4w-metal-film-resistors/r-422k-ohm-1-4w-1-metal-film-resistor.html,th,Axiel,Fixed Resistors
A-2779,430.0,K,1%,1/4W,0.015,https://www.taydaelectronics.com/resistors/1-4w-metal-film-resistors/resistor-430k-ohm-1-4w-1-metal-film-pkg-of-10.html,th,Axiel,Fixed Resistors
A-2180,470.0,K,1%,1/4W,0.015,https://www.taydaelectronics.com/resistors/1-4w-metal-film-resistors/10-x-resistor-470k-ohm-1-4w-1-metal-film-pkg-of-10.html,th,Axiel,Fixed Resistors
A-2331,510.0,K,1%,1/4W,0.015,https://www.taydaelectronics.com/resistors/1-4w-metal-film-resistors/10-x-resistor-510k-ohm-1-4w-1-metal-film-pkg-of-10.html,th,Axiel,Fixed Resistors
A-2332,560.0,K,1%,1/4W,0.015,https://www.taydaelectronics.com/resistors/1-4w-metal-film-resistors/resistor-560k-ohm-1-4w-1-metal-film-pkg-of-10.html,th,Axiel,Fixed Resistors
A-2780,620.0,K,1%,1/4W,0.015,https://www.taydaelectronics.com/resistors/1-4w-metal-film-resistors/r-620k-ohm-1-4w-1-metal-film-resistor.html,th,Axiel,Fixed Resistors
A-2192,680.0,K,1%,1/4W,0.015,https://www.taydaelectronics.com/resistors/1-4w-metal-film-resistors/resistor-680k-ohm-1-4w-1-metal-film-pkg-of-10.html,th,Axiel,Fixed Resistors
A-2633,750.0,K,1%,1/4W,0.015,https://www.taydaelectronics.com/resistors/1-4w-metal-film-resistors/resistor-750k-ohm-1-4w-1-metal-film-pkg-of-10.html,th,Axiel,Fixed Resistors
A-2333,820.0,K,1%,1/4W,0.015,https://www.taydaelectronics.com/resistors/1-4w-metal-film-resistors/10-x-resistor-820k-ohm-1-4w-1-metal-film-pkg-of-10.html,th,Axiel,Fixed Resistors
A-2781,910.0,K,1%,1/4W,0.015,https://www.taydaelectronics.com/resistors/1-4w-metal-film-resistors/resistor-910k-ohm-1-4w-1-metal-film-pkg-of-10.html,th,Axiel,Fixed Resistors
A-2277,1.0,M,1%,1/4W,0.015,https://www.taydaelectronics.com/resistors/1-4w-metal-film-resistors/10-x-resistor-1m-ohm-1-4w-1-metal-film-pkg-of-10.html,th,Axiel,Fixed Resistors
A-2634,1.2,M,1%,1/4W,0.015,https://www.taydaelectronics.com/resistors/1-4w-metal-film-resistors/resistor-1-2m-ohm-1-4w-1-metal-film-pkg-of-10.html,th,Axiel,Fixed Resistors
A-2782,1.3,M,1%,1/4W,0.015,https://www.taydaelectronics.com/resistors/1-4w-metal-film-resistors/r-1-3m-ohm-1-4w-1-metal-film-resistor.html,th,Axiel,Fixed Resistors
A-2783,1.5,M,1%,1/4W,0.015,https://www.taydaelectronics.com/resistors/1-4w-metal-film-resistors/resistor-1-5m-ohm-1-4w-1-metal-film-pkg-of-10.html,th,Axiel,Fixed Resistors
A-2784,1.6,M,1%,1/4W,0.015,https://www.taydaelectronics.com/resistors/1-4w-metal-film-resistors/r-1-6m-ohm-1-4w-1-metal-film-resistor.html,th,Axiel,Fixed Resistors
A-2785,1.8,M,1%,1/4W,0.015,https://www.taydaelectronics.com/resistors/1-4w-metal-film-resistors/r-1-8m-ohm-1-4w-1-metal-film-resistor.html,th,Axiel,Fixed Resistors
A-2609,2.0,M,1%,1/4W,0.015,https://www.taydaelectronics.com/resistors/1-4w-metal-film-resistors/resistor-2m-ohm-1-4w-1-metal-film-pkg-of-10.html,th,Axiel,Fixed Resistors
A-2610,2.2,M,1%,1/4W,0.015,https://www.taydaelectronics.com/resistors/1-4w-metal-film-resistors/resistor-2-2m-ohm-1-4w-1-metal-film-pkg-of-10.html,th,Axiel,Fixed Resistors
A-2786,2.4,M,1%,1/4W,0.015,https://www.taydaelectronics.com/resistors/1-4w-metal-film-resistors/r-2-4m-ohm-1-4w-1-metal-film-resistor.html,th,Axiel,Fixed Resistors
A-2355,2.7,M,1%,1/4W,0.015,https://www.taydaelectronics.com/resistors/1-4w-metal-film-resistors/resistor-2-7m-ohm-1-4w-1-metal-film-pkg-of-10.html,th,Axiel,Fixed Resistors
A-2787,3.0,M,1%,1/4W,0.015,https://www.taydaelectronics.com/resistors/1-4w-metal-film-resistors/r-3m-ohm-1-4w-1-metal-film-resistor.html,th,Axiel,Fixed Resistors
A-2356,3.3,M,1%,1/4W,0.015,https://www.taydaelectronics.com/resistors/1-4w-metal-film-resistors/resistor-3-3m-ohm-1-4w-1-metal-film-pkg-of-10.html,th,Axiel,Fixed Resistors
A-2788,3.6,M,1%,1/4W,0.015,https://www.taydaelectronics.com/resistors/1-4w-metal-film-resistors/r-3-6m-ohm-1-4w-1-metal-film-resistor.html,th,Axiel,Fixed Resistors
A-2635,3.9,M,1%,1/4W,0.015,https://www.taydaelectronics.com/resistors/1-4w-metal-film-resistors/resistor-3-9m-ohm-1-4w-1-metal-film-pkg-of-10.html,th,Axiel,Fixed Resistors
A-2789,4.3,M,1%,1/4W,0.015,https://www.taydaelectronics.com/resistors/1-4w-metal-film-resistors/r-4-3m-ohm-1-4w-1-metal-film-resistor.html,th,Axiel,Fixed Resistors
A-2357,4.7,M,1%,1/4W,0.015,https://www.taydaelectronics.com/resistors/1-4w-metal-film-resistors/resistor-4-7m-ohm-1-4w-1-metal-film-pkg-of-10.html,th,Axiel,Fixed Resistors
A-2790,5.1,M,1%,1/4W,0.015,https://www.taydaelectronics.com/resistors/1-4w-metal-film-resistors/resistor-5-1m-ohm-1-4w-1-metal-film-pkg-of-10.html,th,Axiel,Fixed Resistors
A-2611,5.6,M,1%,1/4W,0.015,https://www.taydaelectronics.com/resistors/1-4w-metal-film-resistors/resistor-5-6m-ohm-1-4w-1-metal-film-pkg-of-10.html,th,Axiel,Fixed Resistors
A-2791,6.2,M,1%,1/4W,0.015,https://www.taydaelectronics.com/resistors/1-4w-metal-film-resistors/r-6-2m-ohm-1-4w-1-metal-film-resistor.html,th,Axiel,Fixed Resistors
A-2612,6.8,M,1%,1/4W,0.015,https://www.taydaelectronics.com/resistors/1-4w-metal-film-resistors/6-8m-ohm-1-4w-1-metal-film-resistor.html,th,Axiel,Fixed Resistors
A-2613,7.5,M,1%,1/4W,0.015,https://www.taydaelectronics.com/resistors/1-4w-metal-film-resistors/7-5m-ohm-1-4w-1-metal-film-resistor.html,th,Axiel,Fixed Resistors
A-2792,8.2,M,1%,1/4W,0.015,https://www.taydaelectronics.com/resistors/1-4w-metal-film-resistors/r-8-2m-ohm-1-4w-1-metal-film-resistor.html,th,Axiel,Fixed Resistors
A-2636,9.1,M,1%,1/4W,0.015,https://www.taydaelectronics.com/resistors/1-4w-metal-film-resistors/9-1m-ohm-1-4w-1-metal-film-resistor.html,th,Axiel,Fixed Resistors
A-2287,10.0,M,1%,1/4W,0.015,https://www.taydaelectronics.com/resistors/1-4w-metal-film-resistors/resistor-10m-ohm-1-4w-1-metal-film-pkg-of-10.html,th,Axiel,Fixed Resistors
A-2304,11.0,M,1%,1/4W,0.015,https://www.taydaelectronics.com/resistors/1-4w-metal-film-resistors/10-x-resistor-11m-ohm-1-4w-1-metal-film-pkg-of-10.html,th,Axiel,Fixed Resistors